0,1,sku_name,cat
-64.874954,-40.851494,โครงการหลวงพริกหวานแดง_200กรัม,Fruit & Vegetables
-52.0948,-45.3555,หอมแดง_200กรัม,Fruit & Vegetables
-45.033134000000004,-59.322295999999994,มายช้อยส์แตงญี่ปุ่นพรีเมี่ยม_1.2-1.5_กก./ลูก,Fruit & Vegetables
-58.267677,-30.429832,หน่อไม้ฝรั่ง_200กรัม,Fruit & Vegetables
-55.47266800000001,-45.34611500000001,ผักชี_50กรัม,Fruit & Vegetables
-51.980453000000004,-37.957115,โหระพาออร์แกนิค_50กรัม,Fruit & Vegetables
-49.617992,-33.6484,ผักฉ่อย_200กรัม,Fruit & Vegetables
-57.895042000000004,-7.652178,มะเขือเทศคอนเฟ็ตโต้_200กรัม,Fruit & Vegetables
-39.546065999999996,-40.525146,แอปเปิ้ลกาล่าขนาด_L_แพค_3,Fruit & Vegetables
-56.86184,-44.201896999999995,ผักชีออร์แกนิค_50กรัม,Fruit & Vegetables
-62.37219,-15.067360999999998,พริกชี้ฟ้าแห้งเด็ดขั้ว_40กรัม,Fruit & Vegetables
-36.935966,-22.805101,กะหล่ำปลี_S,Fruit & Vegetables
-37.039474,-13.873089000000002,มิสกิมจิกิมจิกะหล่ำปลี_180กรัม,Fruit & Vegetables
-44.156963,-59.602287,สตรอเบอร์รี่เกาหลี_250กรัม,Fruit & Vegetables
-62.848515,-22.293129999999998,ลูกพีช,Fruit & Vegetables
-42.73791,-26.631737,มะนาวแพค,Fruit & Vegetables
-54.12988000000001,-51.19365300000001,มะพร้าวเกษตรอินทรีย์วิถีไทย,Fruit & Vegetables
-13.236228,-28.224909000000004,พุทรานมสดแพค,Fruit & Vegetables
-57.69521700000001,-56.698119999999996,ดร.มะเขือเทศท้อ_300กรัม,Fruit & Vegetables
-60.39134,-43.292152,โครงการหลวงแตงกวาญี่ปุ่น_300กรัม,Fruit & Vegetables
-61.404419999999995,-17.95288,ฟิวเจอร์ฟาร์มมะเขือเทศเชอร์รี่ญี่ปุ่น_200กรัม,Fruit & Vegetables
-55.087215,-45.382446,มะเขือเปราะ_250กรัม,Fruit & Vegetables
-58.071630000000006,-53.631924,มะม่วงน้ำดอกไม้สุกเกรดพิเศษ(C,Fruit & Vegetables
-37.65575,-64.92086,เห็ดเข็มทอง_200กรัม,Fruit & Vegetables
-44.398379999999996,-45.548320000000004,แอปเปิ้ลแดงขนาด_L_แพค_3,Fruit & Vegetables
-55.808502000000004,-47.316837,เห็ดนางฟ้าดอกอ่อน_150กรัม,Fruit & Vegetables
-49.805077000000004,-27.826256,กระเทียมไทย_150กรัม,Fruit & Vegetables
-53.811195,-41.80435,กวางตุ้งไต้หวัน_250กรัม,Fruit & Vegetables
50.528355,12.304064,แม่ฮวยไชโป๊วหวานฝอย_200กรัม,Fruit & Vegetables
-51.332287,-31.54922100000001,ผักบุ้งจีน_200กรัม,Fruit & Vegetables
-31.18665,-27.166357,เบทาโกรเลือดหมูอนามัย_210กรัม,Meat & Seafood
-45.656372,-20.104284,ธรรมชาติเนื้อปลาแซลมอนออโรร่าสดแล่(C,Meat & Seafood
2.0133643,-74.00482,สมาร์ทแครบปูอัด_250กรัม,Meat & Seafood
-47.247196,-39.814859999999996,ท็อปส์สะโพกไก่อนามัย_S,Meat & Seafood
-63.459652,-39.26083,เอสเพียวอกไก่ลอกหนัง_400กรัม,Meat & Seafood
-23.715086,-51.344025,ส.ขอนแก่นไส้กรอกอีสานสด_280กรัม,Meat & Seafood
44.040237,-23.869522,หมูสองตัวบาโลน่าพริกหมู_90กรัม,Meat & Seafood
-48.73887,-51.10522,เอสเพียวปีกกลางไก่_420กรัม,Meat & Seafood
-56.54819499999999,1.7547035,เอสพูน่าโซริโซ่ซาต้า_200กรัม,Meat & Seafood
-30.588387,-62.7125,ทีจีเอ็มจูเนียร์ค็อกเทล_100กรัม,Meat & Seafood
-48.636486,-21.246634,สันนอกแกะติดซี่โครงสเต็ก_180กรัม,Meat & Seafood
-50.596237,-9.245588,มายช้อยส์พาสตรามี่หมู_120กรัม,Meat & Seafood
65.57265500000001,-31.549837,เบทาโกรไส้กรอกสโมคเวียนเนอร์คลาสสิคไก่_200กรัม,Meat & Seafood
-38.17015,-21.634184,มายช้อยส์หมูสามชั้นลอกหนังเนเชอรัลสไลซ์แช่แข็ง_200กรัม,Meat & Seafood
2.9582330000000003,-29.938305,มายช้อยส์ปูอัดเนื้อปลาบดปรุงรส_250กรัม,Meat & Seafood
-28.087727,-52.892796,แต้จิ๋วลูกชิ้นปลารักบี้_100กรัม,Meat & Seafood
5.5177093,-75.21064,ท็อปส์ไส้กรอกอีสาน_300กรัม,Meat & Seafood
-21.546074,-62.107,ส.ขอนแก่นหมูแผ่น_140กรัม,Meat & Seafood
-32.19936,-51.42241,คิบุนก้ามปูหิมะอัด_250กรัม,Meat & Seafood
-50.90466,-20.580196,เนื้อเอวออสเตรเลียแช่แข็ง_350กรัม,Meat & Seafood
-40.66384,-21.688986,ปลาหมึกหั่นวงและหัวแช่แข็ง_400กรัม,Meat & Seafood
-6.1789083,-70.8649,ส.ขอนแก่นกุนเชียงเชือกแดง_360กรัม,Meat & Seafood
-50.014309999999995,-35.800713,ท็อปส์น่องไก่อนามัย_S,Meat & Seafood
-48.572025,-35.94129,มายช้อยส์สันนอกหมูเนเชอรัลสเต็ก_300กรัม,Meat & Seafood
-9.720123,-10.6473,พนมรุ้งกุนเชียง_850กรัม,Meat & Seafood
-41.569855,-17.949663,ลิตเติลมันช์ชี่ลูกชิ้นหมู_180กรัม,Meat & Seafood
18.578121,-25.219883,ท็อปส์หมูหยองกรอบหมูผสมไก่_145กรัม,Meat & Seafood
-15.76866,-31.495293,ทีจีเอ็มตับบดลูกเล็ก_125กรัม,Meat & Seafood
-34.629616,-21.161991,เจ้าสัวกุนเชียงสูตร1_350กรัม,Meat & Seafood
-37.746033000000004,-26.69424,ทีจีเอ็มไส้กรอกเวียนนา_95กรัม,Meat & Seafood
-38.24913,-6.505294,เมจินมพาสเจอร์ไรส์ปราศจากน้ำตาลแลคโตส_200มล.,Fresh Food & Bakery
-12.611730999999999,-25.985064,มายช้อยส์น้ำนมถั่วเหลือง_350มล.,Fresh Food & Bakery
-40.397896,-15.877455,เพรสซิเด้นท์มอสซาเรลล่าสเปเชี่ยลพิซซ่าสไลด์_200กรัม,Fresh Food & Bakery
62.60685,-24.138409,พาสควาลขนมหวานรสฟอร์เรสต์เบอร์รี่สูตรไขมันต่ำ_125กรัม,Fresh Food & Bakery
-27.218975,-55.122519999999994,ดัชชี่ซัมเมอร์โยเกิร์ตกลิ่นข้าวเหนียวมะม่วงผสมมะม่วงและบุก_135กรัม_แพค4,Fresh Food & Bakery
-27.703459000000002,-44.263695,เอ็มมิลค์นมพาสเจอร์ไรส์ปราศจากน้ำตาลแลคโตสกล่อง_720มล.,Fresh Food & Bakery
-15.346725,-19.763052,ท็อปส์ข้าวลาบเจ_230กรัม,Fresh Food & Bakery
-35.88249000000001,-59.32703000000001,ฟาร์มเฮ้าส์ขนมปังรอยัลธัญพืช_12ชนิด_285กรัม,Fresh Food & Bakery
-9.878991000000001,-43.91253,ฮาร์ทติเบเนคอลอาหารเสริมรสมิกซ์เบอร์รี่_70ซีซีแพค4,Fresh Food & Bakery
-3.363286,-61.823624,มายช้อยส์ขนมปังดับเบิ้ลชีสซอสเซจ,Fresh Food & Bakery
-40.247203999999996,-11.88387,เวทโทรสมันฝรั่งสำหรับอบแช่แข็งปลอดสาร_750กรัม,Fresh Food & Bakery
33.65635,-26.670285999999997,ซันนีเดย์นักเก็ตไก่_454กรัม,Fresh Food & Bakery
64.53567,-30.906511,โออิชิเกี๊ยวซ่าญี่ปุ่น_264กรัม,Fresh Food & Bakery
-73.11413,-18.0597,มายช้อยส์อิงลิชมัฟฟิน,Fresh Food & Bakery
-0.695048,-39.77758,มายช้อยส์ข้าวฉู่ฉี่ปลากระพง__270กรัม,Fresh Food & Bakery
-21.927101,-63.651596,ฟาร์มเฮ้าส์ขนมปังแซนวิชสไลด์ขอบ_220กรัม,Fresh Food & Bakery
-0.15540724,-64.83464000000001,เอส&พีข้าวพะแนงหมู_300กรัม,Fresh Food & Bakery
-71.587395,-13.134738,ฟาร์เมอรส์ยูเนียนโยเกิร์ตแบบกรีกรสธรรมชาติชนิดเข้มข้น_500กรัม,Fresh Food & Bakery
-39.768257,-39.232859999999995,ซากุระเต้าหู้ก้อนถุงแข็ง_250กรัม,Fresh Food & Bakery
-36.821415,-64.98097,นางพยาบาลเต้าหู้หลอดไข่ไก่_120กรัม,Fresh Food & Bakery
0.041233443,-65.02561,เอส&พีข้าวหมูทอดกระเทียม_280กรัม,Fresh Food & Bakery
-12.743319,-12.973545,ไดมารูเกี๊ยวซ่าไส้หมู_240กรัม,Fresh Food & Bakery
4.385267,-30.484056,โฟร์โมสต์ยัมมี่นมพาสเจอร์ไรส์รสจืด_380มล.,Fresh Food & Bakery
24.933836,-22.831491,ดัชมิลล์นมเปรี้ยวรสผลไม้รวม_830ซีซี_แพค_2,Fresh Food & Bakery
-71.56282,-13.130197,คาโรไลน์กรีกโยเกิร์ต_500กรัม,Fresh Food & Bakery
-34.213642,-56.73291,มายช้อยส์ครัวซองท์เนยสดฝรั่งเศส_48เปอร์เซ็นต์(B,Fresh Food & Bakery
-23.540773,-54.120415,ซันนี่เดย์มันฝรั่งเส้นเล็ก_1กก.,Fresh Food & Bakery
-16.139847,-63.011875,เมจิโยเกิร์ตผสมมิกซ์เบอร์รี่_135กรัม_แพค4,Fresh Food & Bakery
-15.27788,-18.911773999999998,ริมปิงน้ำพริกหนุ่ม_160กรัม,Fresh Food & Bakery
-42.23032,24.077879,ไฮดากานมฮอกไกโดรสจืด_1000ซีซี,Fresh Food & Bakery
30.57195,15.243689000000002,คนแบกกุ้งน้ำปลาแท้_500ซีซี,Pantry & Ingredients
55.80406600000001,-30.914719,ซัมยังราเมงกึ่งสำเร็จรูปแบบแห้งรสไก่สูตรเผ็ดมากแบบชาม_105กรัม,Pantry & Ingredients
64.04026999999999,-3.2786465,คนอร์คัพโจ๊กกึ่งสำเร็จรูปรสหมูผสมสาหร่าย_35กรัม_แพค_4ซอง,Pantry & Ingredients
48.1516,10.063206,รสดีเมนูลาบน้ำตกปรุงสำเร็จชนิดผง_30กรัม,Pantry & Ingredients
-59.9222,-11.815248500000001,แฮปปี้เมทอัลมอนด์รสธรรมชาติ_200กรัม,Pantry & Ingredients
9.737684,-30.463696000000002,บอนน์มาม็องแยมส้มมาร์มาเลด_225กรัม,Pantry & Ingredients
-64.67325,-0.5669985,เวทโทรสเอสเซนเซี่ยสมอลต์วีทซีเรียล_750กรัม,Pantry & Ingredients
0.44869116,-7.0008984,โทรศัพท์ผงวุ้น_25กรัม,Pantry & Ingredients
-57.84166,-2.5640577999999996,แคโล่เครื่องปรุงรสน้ำซุปชนิดก้อนรสผัก_66กรัม,Pantry & Ingredients
12.228188000000001,-24.528904,แคมเบลล์ซุปครีมไก่_66กรัม,Pantry & Ingredients
27.975640000000002,-4.0106487,ปุ้มปุ้ยปลาแมคเคอเรลในซอสมะเขือเทศคัดพิเศษ_155กรัม,Pantry & Ingredients
-21.69575,-6.0129614,ไร่ทิพย์พริกไทยขาวป่นขวด_60กรัม,Pantry & Ingredients
47.753516999999995,-13.981275,ออสเตอร์เบิร์กบลูเบอร์รี่ฟรุตท็อปปิ้งแอนด์ฟิลลิ่ง_620กรัม,Pantry & Ingredients
16.501274,-58.8594,นอติลุสทูน่าสเปรดพร้อมแครกเกอร์_115กรัม,Pantry & Ingredients
-36.977753,-13.919604999999999,แม็คคอร์มิคเกรวี่เห็ดมิกซ์_21กรัม,Pantry & Ingredients
56.190525,10.40049,สามแม่ครัวปลาซาร์ดีนในซอสมะเขือเทศฝาดึง_155กรัม,Pantry & Ingredients
54.462469999999996,21.715270999999998,ทาคูมิอายิซอสเทริยากิ_500มล.,Pantry & Ingredients
-4.0963078,-7.386492999999999,ลูกเต๋าข้าวตุ๋นฟักทอง_90กรัม,Pantry & Ingredients
-13.234735500000001,-44.197063,นงชิมบะหมี่รสสปาเก็ตตี้_140กรัม,Pantry & Ingredients
-32.15858,-0.26083850000000003,เควกเกอร์ข้าวโอ๊ตสุกเร็ว_1กก.,Pantry & Ingredients
56.40577,37.808582,แม็กกี้ซอสปรุงอาหาร_680มล.,Pantry & Ingredients
-20.392826,-54.158413,โรซ่าข้าวสวยหอมมะลิ_150กรัม,Pantry & Ingredients
-44.11984,-5.9385257000000005,โอลีฟกรูฟสเปรดคลาสสิคมายด์เทสติ้ง_375กรัม,Pantry & Ingredients
54.208645,43.02685,เด็กสมบูรณ์เต้าเจี้ยวสูตร1_800กรัม,Pantry & Ingredients
-61.589583999999995,-11.927641,นูทรีริสเมล็ดแฟลกซ์_350กรัม,Pantry & Ingredients
0.38584834,60.187687,มิตรผลน้ำตาลทรายบริสุทธิ์ขวด_454กรัม,Pantry & Ingredients
-21.436253,-43.71500800000001,สกิปปีเนยถั่วทาขนมปังชนิดละเอียด_510กรัม,Pantry & Ingredients
-64.76553,2.4707139,เคลล็อกส์อาหารสเปเชียลเคข้าวสาลีอบกรอบ_370กรัม,Pantry & Ingredients
62.799442000000006,19.849428,มะลินมข้นหวานชนิดหลอดบีบ_170กรัม,Pantry & Ingredients
51.126746999999995,-15.187779,ซันลีแผ่นแป้งเวียดนาม_80กรัม,Pantry & Ingredients
24.946297,-55.904022,สควิดดี้ปลาหมึกบด_17กรัม,Snacks & Desserts
39.737232,-16.97411,เซียวจูขนมปังเพรทเซลเคลือบช็อคโกแลตรสโยเกิร์ต_45กรัม,Snacks & Desserts
30.60519600000001,-49.341034,โดโซะข้าวหอมกรอบรสสาหร่าย_56กรัม,Snacks & Desserts
-58.9731,5.4015403,เฮอร์ชี่ส์ช็อกโกแลตนมสอดไส้ถั่วลิสงบดละเอียด_47กรัม,Snacks & Desserts
-12.357816,-37.864227,แมคไวตี้ส์บิสกิตข้าวโอ๊ตและโฮลมีล_300กรัม,Snacks & Desserts
9.599128,-48.552692,มาซิตะสาหร่ายอบสไตส์เกาหลีรสออริจินัล_15กรัม,Snacks & Desserts
-6.4908633,-30.8034,ทองการ์เด้นอัลมอนด์เกลือ_35กรัม,Snacks & Desserts
9.418429,-34.401352,ลินด์ดาร์กช็อกโกแลตทิน_125กรัม,Snacks & Desserts
28.14728400000001,-57.975306999999994,ท็อปส์แครกเกอร์บัตเตอร์โคโคนัท_450กรัม,Snacks & Desserts
10.307011,-40.280014,โมรินากะดาร์สช็อกโกแลตขาวรสนมสตรอเบอร์รี่_42กรัม,Snacks & Desserts
-18.955593,-34.697193,ฮาเก้นดาสไอศกรีมผสมโยเกิร์ตรสกีวีแมงโก้_392กรัม,Snacks & Desserts
18.411392000000006,-47.413532000000004,ลอตเต้ไซลิทอลหมากฝรั่งรสไลม์มิ้นท์_58กรัม,Snacks & Desserts
28.059137,-67.73866,โยโย่กัมมี่รสองุ่นและแอปเปิ้ล_80กรัม,Snacks & Desserts
-34.090786,11.25495,เดนทีนหมากฝรั่งไซลิทอลรสสเปียร์มิ้นท์_11.2กรัม,Snacks & Desserts
11.520048,-36.506214,ลอเรนซ์เนเชอรัลล์มันฝรั่งแผ่นอบกรอบรสดั้งเดิม_100กรัม,Snacks & Desserts
41.23473,-58.042396999999994,ท็อปส์ขนมปังกรอบขาไก่เค็ม_420กรัม,Snacks & Desserts
50.14263,-18.750405999999998,เมนทอสลูกอมไวท์ช็อคโกแลตแอนด์คาราเมล_37.8กรัม,Snacks & Desserts
7.999066,3.4502650000000004,ริโคล่าลูกอมสมุนไพร_100กรัม,Snacks & Desserts
38.878334,-55.55245600000001,โรลเลอร์โคสเตอร์มันฝรั่งวงรีรสชีสต้นตำรับ_57กรัม,Snacks & Desserts
15.662826999999998,-29.528149,ตรามือเมล็ดทานตะวันอบสมุนไพร_105กรัม,Snacks & Desserts
-3.6095004,-27.865677,เขาช่องถั่วปากอ้าอบเกลือ_150กรัม,Snacks & Desserts
19.665762,-53.81974,ทาโรปลาสวรรค์รสซูเปอร์แซบ_64กรัม,Snacks & Desserts
18.916058,-62.79276700000001,เบบี้สตาร์ขนมอบกรอบบะหมี่เส้นใหญ่ปรุงรสดั้งเดิม_74กรัม,Snacks & Desserts
0.6088109,-39.55532,เนสท์เล่เอ็กซ์ตรีมชาไทยโคน_80กรัม,Snacks & Desserts
-4.0703964,-41.289265,ลอเรนซ์เนเชอรัลส์มันฝรั่งรสชีสพาร์เมซาน_100กรัม,Snacks & Desserts
35.3292,-58.53759399999999,โตโรป๊อปคอร์น_80กรัม,Snacks & Desserts
9.343055,-19.731832999999998,เลย์สแตคส์ออริจินัล_105กรัม,Snacks & Desserts
43.84387,-26.325369,โกลเด้นฟูจิขนมปังกรอบรสองุ่น_140กรัม,Snacks & Desserts
48.864709999999995,-32.531155,เอ็มแอนด์เอ็มช็อกโกแลตนมสอดไส้อัลมอนด์เคลือบน้ำตาล_30กรัม,Snacks & Desserts
9.317413,-46.829525,เบอร์บอนบิสกิตเคลือบช็อกโกแลตนม_61กรัม,Snacks & Desserts
22.588432,-63.36163000000001,มาลีน้ำทับทิมผสมน้ำผลไม้รวม100เปอร์เซ็นต์_200มล._แพค_3,Beverages
-36.020255999999996,3.3390136,เฮอร์ชี่ส์โกโก้ผง_226กรัม,Beverages
-10.838077,-66.11865999999999,ยูเอฟซีน้ำส้ม100เปอร์เซ็นต์_1ลิตร,Beverages
21.16236,-14.102791,มาลีไอคอร์นนมข้าวโพดยูเอชที_180มล._แพค_3,Beverages
18.985584,-31.85575900000001,ทิปโก้น้ำผักผลไม้รวม_32ชนิด_100เปอร์เซ็นต์_200มล._แพค_3,Beverages
55.55753000000001,-23.605743,โฟร์โมสต์นมยูเอชทีรสช็อกโกแลตนัตตี้พราลีน_330มล.,Beverages
63.36213000000001,10.842659,เนสกาแฟเบลนด์แอนด์บรูเอสเปรสโซโรสต์กาแฟปรุงสำเร็จชนิดผง_15.8กรัม_แพค_40ซอง,Beverages
-7.686171499999999,-33.338627,บิงกือเรนมปรุงแต่งรสกล้วยหอม_200ซีซี_แพค_6,Beverages
63.447098,19.405327,โกโก้ดัทช์โกโก้_3อิน1_22กรัม_แพค_5ซอง,Beverages
28.794271000000002,38.006237,โอวัลตินโกลด์มอลต์รสช็อกโกแลตปรุงสำเร็จผสมสารสกัดใบแปะก๊วย3อิน1_30กรัม_แพค_13ซอง,Beverages
27.561913,-16.690828,เอสน้ำหวานกลิ่นส้ม_1.6ลิตร,Beverages
-20.551073000000002,13.764819000000001,เนสกาแฟดอลเช่กุสโต้กาแฟคั่วบดลาเต้มัคคิอาโต_16แคปซูล_194.4กรัม,Beverages
19.128435,-60.22326999999999,ดอยคำน้ำมะขามผสมน้ำผึ้ง_200มล._แพค_4,Beverages
-20.412401000000006,-54.784317,ดัชมิลล์นมพาสเจอร์ไรส์โปรตีนสูงสูตรเวย์พลัสรสชาเขียวมัทฉะ_350มล.,Beverages
-9.205688,-56.068478000000006,โค้กไม่มีน้ำตาล_325มล._แพค_24,Beverages
19.84477,-22.357075,เป๊ปซี่เครื่องดื่มอัดลมกลิ่นโคล่าและกระติกเก็บความเย็นเรโทร_245มล._แพค_6,Beverages
-36.778595,17.468729999999994,137ดีกรีนมพิสตาชิโอสูตรดับเบิ้ลช็อกโกแลต_180มล._แพค_3,Beverages
64.71829,3.4915616999999997,ตราหมีโกลด์นมผสมโกจิเบอร์รี่สกัด_140มล._แพค_4,Beverages
-49.913864000000004,0.29814517,เวทโทรสเอสเซนเชี่ยลชาซองออริจินอลเบลน_250กรัม,Beverages
23.950634,-0.5424177,เนสกาแฟเรดคัพกาแฟสำเร็จรูปผสมกาแฟคั่งบดละเอียด_2กรัม_แพค_48,Beverages
67.04243000000001,2.63551,ไวตามิ้ลค์ดับเบิ้ลแบล็คน้ำนมถั่วเหลืองยูเอชทีสูตรงาดำและข้าวสีนิล_300มล._แพค_6,Beverages
9.375207000000001,-44.20727,กู๊ดมู้ดน้ำดื่มกลิ่นโยเกิร์ต_450มล.,Beverages
41.340443,71.58334,ออร่าน้ำแร่_500ซีซี_แพค_12,Beverages
46.79007,-20.101954,อควาฟิน่าไบโอน้ำผสมวิตามินซีกลื่นออเรนจ์โรส_350มล.,Beverages
-46.669703999999996,18.413492,เปอริเอ้น้ำแร่ธรรมชาติ_330ซีซี,Beverages
-28.061008,-48.843486999999996,โชคชัยนมสดรสโกโก้_800ซีซี,Beverages
-40.040363,8.852905,คาร์บรีโรอาห์น้ำแร่ธรรมชาติจากแหล่งน้ำอูเรนเซ_1.5ล,Beverages
-43.80271,20.898294,โนระโอโนเอะน้ำแอปเปิ้ล_1ลิตร,Beverages
7.226686999999999,-3.4330661,ถูกใจกาแฟสำเร็จรูปชนิดฟรีซดรายโกลด์ซีเล็คชั่น_200กรัม,Beverages
20.596999999999998,-1.8614624,ดอยคำเครื่องดื่มขิงผงสำเร็จรูปสูตรน้ำตาลน้อย_9กรัม_12ซอง,Beverages
-7.6302266,-55.197146999999994,ไฮเนเก้นเบียร์ขวด_620มล._แพค12,"Beer,Wine & Spirits"
-57.821243,5.305751,Breganze_Prosecco_Extra_Dry_750ml.,"Beer,Wine & Spirits"
-70.64276,3.0641312999999997,แสงโสมสุรา_70ซล.,"Beer,Wine & Spirits"
-67.70534,-17.861805,Mont_Clair_Red_Celebration_3ltr.,"Beer,Wine & Spirits"
15.172158999999999,-30.724365000000002,บาคาร์ดีบรีซเซอร์สตรอเบอร์รี่_275มล._แพค_4,"Beer,Wine & Spirits"
-11.942871,-1.2359294,ไทเกอร์ไลท์เบียร์ขวด_320มล.,"Beer,Wine & Spirits"
-49.33729,4.9758577000000015,เบียร์ลาวดาร์กลาเกอร์ขวด_330มล.,"Beer,Wine & Spirits"
-56.72598000000001,2.5041764,กอดอนลอนดอนดรายจิน_700มล.,"Beer,Wine & Spirits"
-4.6958519999999995,-26.891819,บาวาเรียนอลแอลกอฮอล์ออริจินัลเบียร์แคน_330มล.,"Beer,Wine & Spirits"
-50.26018,18.88401,ซานมิกไลท์เบียร์ขวด_330ซีซี,"Beer,Wine & Spirits"
-17.461435,-44.244679999999995,ไฮเนเก้นเบียร์ขวด_620มล._แพค_3,"Beer,Wine & Spirits"
-54.98884,1.8715618000000005,Gallo_Family_Vineyards_Pinot_Noir_750ml.,"Beer,Wine & Spirits"
16.49202,-45.142975,บาคาดีบรีซเซอร์เลมอน_275มล._แพค_4,"Beer,Wine & Spirits"
-36.821426,11.434237,เออร์ดิงเงอร์วีทเบียร์_500มล.,"Beer,Wine & Spirits"
-56.699806,7.431266,ชาละวันเพลเอลเบียร์ขวด_330มล.,"Beer,Wine & Spirits"
-35.50210999999999,13.16504,Penfolds_Bin_2_Shiraz_Mataro_750ml.,"Beer,Wine & Spirits"
-67.86641999999999,1.3149049,Jacobs_Creek_Chardonnay_75cl.,"Beer,Wine & Spirits"
-36.361942,7.762632000000001,สิงห์เบียร์ขวดเล็ก_320ซีซี_แพค_24,"Beer,Wine & Spirits"
-48.62912,3.1416104,จอห์นนี่วอคเกอร์เรดเลเบิ้ลวิสกี้_1ลิตร,"Beer,Wine & Spirits"
-9.227288,-55.991314,สิงห์เบียร์กระป๋อง_320ซีซี_แพค_24,"Beer,Wine & Spirits"
-3.3108032,-23.090454,เฟดเดอร์บรอยเบียร์_620ซีซี_แพค_12,"Beer,Wine & Spirits"
26.447126,-34.40598,เบลนด์285สปิริต_1ลิตร,"Beer,Wine & Spirits"
-43.518078,11.441458,ไทเกอร์เบียร์แคน_320มล._แพค_4,"Beer,Wine & Spirits"
-16.791683,-45.104263,ช้างคลาสสิกเบียร์ขวด_320มล._แพค_24,"Beer,Wine & Spirits"
-54.32305,8.901795,ชาตรีไอพีเอเบียร์ขวด_330มล.,"Beer,Wine & Spirits"
-6.14694,-1.5021406000000002,จอห์นนี่วอคเกอร์เรดไรน์ฟินิช_70ซล.,"Beer,Wine & Spirits"
-17.877234,-45.923805,ไฮเนเก้นเบียร์แคน_490มล._แพค_4,"Beer,Wine & Spirits"
-41.629913,14.639144,บราเธอส์ไซเดอร์ท๊อฟฟี่แอปเปิ้ลเบียร์ขวด_500มล.,"Beer,Wine & Spirits"
-4.33927,-17.28414,แสงโสมสุรา_30ซล.,"Beer,Wine & Spirits"
-63.465523,-1.1445636000000001,Belle_Ville_Chardonnay_Viognier_750ml.,"Beer,Wine & Spirits"
9.855352,16.744984,นีเวียฟอร์เมนสเปรย์ดราย_150มล.,Health & Beauty Care
15.551403,29.603678000000002,นีเวียโลชั่นบำรุงผิวเอ็กซ์ตร้าไวท์เรเดียนท์แอนด์สมูท_600มล.1แถม1,Health & Beauty Care
14.621286999999999,6.660325,สมาร์ทเตอร์แปรงสีฟันซุปเปอร์สไปรัลขนแปรงนุ่มพิเศษ_แพค_3,Health & Beauty Care
31.42254,31.955498,รีจอยส์แชมพูคอลเลคชั่นน้ำหอมลูมินัสโรส_450มล.,Health & Beauty Care
44.162643,4.160831,เดนติคอนยาสีฟันโทเทิลแคร์_150กรัม,Health & Beauty Care
16.495808,38.962563,แพนทีนแชมพูอควาเพียว_750มล.,Health & Beauty Care
7.8044906,59.889495999999994,ออรัลบีแปรงสีฟันอัลตร้าธินแบล็คทีนุ่มพิเศษ_แพค_3,Health & Beauty Care
0.6127341,33.54252,พรีมโนบุโฟมเนเชอรัลเฟซ_100กรัม,Health & Beauty Care
44.17277,49.103621999999994,ฟลูโอคารีลยาสีฟัน_160กรัม_แพค_2,Health & Beauty Care
3.7105534,32.063225,เซอร์เทนตี้เดย์แพ้นส์กางเกงอนามัยสำหรับผู้ใหญ่_XL_26ชิ้น,Health & Beauty Care
-1.9963650000000002,33.68421,เมอรี่เบลล์สบู่ก้อนแอคเน่_150กรัม,Health & Beauty Care
-8.756046000000001,25.643465,สเนลไวท์ครีมอาบน้ำอโรม่าสวิสลาเวนเดอร์_500มล.,Health & Beauty Care
31.701086,25.782099,ซันซิลแชมพูแดเมจรีสโตร์_450มล.,Health & Beauty Care
33.112274,23.635776999999997,แพรอทพฤกษาครีมอาบน้ำนานาพรรณ_500มล.,Health & Beauty Care
39.725956,53.50459300000001,ซิสเท็มมาแปรงสีฟันออริจินอลขนนุ่มมาตรฐาน_แพค_6ด้าม,Health & Beauty Care
-6.1311215999999975,38.30638,แพนทีนแชมพูเดลี่มอยส์เจอร์รีนิววัล_680มล.,Health & Beauty Care
32.265232,51.772476,โคโดโมสบู่ก้อนเด็กสูตรออริจินอล_75กรัม_แพค_4,Health & Beauty Care
10.548392999999999,59.386759999999995,โซฟีถนอมผิวผ้าอนามัยสลิมมีปีก_23ซม._16ชิ้น,Health & Beauty Care
11.1141815,43.199272,เอลแซฟครีมนวดผมเคราตินสมูทเพอร์เฟคท์ติ้ง_450มล.,Health & Beauty Care
45.75708,43.458958,เดทตอลสบู่ก้อนไพน์_65กรัม_แพค_4,Health & Beauty Care
40.591095,-4.873235,ซึบากิแชมพูสมูทรีฟีล_330มล.,Health & Beauty Care
7.2846713,51.010684999999995,ซึบากิแชมพูวอลลุ่ม_450มล.,Health & Beauty Care
3.1682472,21.464178,บิโอเรคลีนซิ่งโฟมสปีดี้ไมเซลล่าแอคเน่แคร์_90กรัม,Health & Beauty Care
-3.2630757999999997,29.337341,โชกุบุสซึครีมอาบน้ำโไบร์ทเทนนิ่งซากุระแอนด์ฮอกไกโดมิล์_500มล.รีฟิว,Health & Beauty Care
-11.106902999999999,43.68291,นีเวียดีโอฟอร์เมนสติ๊กดราย_40มล.,Health & Beauty Care
-3.400845,35.893864,เอลแซฟครีมนวดผมโททอลรีแพร์5_325มล.,Health & Beauty Care
-20.175142,28.197215999999997,บิโอเร2อิน1โฟมมิ่งคลีนเซอร์_160มล.,Health & Beauty Care
-32.927586,27.253614000000002,ทีทรีครีมอาบน้ำเนเชอรัลลี่เคลียร์สกินมายด์แอนด์ดีฟคลีนบอดี้วอช_500มล.,Health & Beauty Care
44.157825,28.565544,คอลเกตยาสีฟันไวท์เทนนิ่ง_135กรัม,Health & Beauty Care
25.83535,3.6495017999999995,เอคเน่เอดลิควิดคลีนเซอร์_100มล.,Health & Beauty Care
23.509535,25.34198,สมาร์ทเตอร์หลอดงอ_21ซม._แพค_80หลอด,Household & Pet
-63.915659999999995,29.19228,วิสกัสเทมเทชันส์รสเซเวอรี่แซลมอน_85กรัม,Household & Pet
0.7971123,64.879875,สมาร์ทเตอร์กระดาษอเนกประสงค์แพค_6ม้วน,Household & Pet
32.04674,59.196373,เซลล็อกซ์พิวริฟายไลน์เฟรนด์มินิแพคกระดาษเช็ดหน้า_50แผ่น_แพค_3,Household & Pet
-67.26812,28.629513,ชีบาดีลักซ์ทูน่ากุ้งในเกรวี่_85กรัม,Household & Pet
39.66925,41.467445,ไฟน์ไลน์น้ำยารีดผ้าเรียบคอลเลคชั่นน้ำหอมถุงสีดำ_450มล.,Household & Pet
45.050971999999994,47.182068,โอโมพลัสแอนตี้แบคผงซักฟอกสูตรเข้มข้นสำหรับซักมือและเครื่อง_3000กรัม,Household & Pet
38.089256,32.604915999999996,ไฟน์ไลน์ผลิตภัณฑ์ซักผ้าชนิดน้ำสูตรซันนี่โกลด์_400มล.,Household & Pet
-68.047264,29.735721999999996,ซีบาเพาซ์ปลาทูน่าและปูอัด_70กรัม,Household & Pet
19.848738,70.72346999999998,เกลดสเปรย์ปรับอากาศกลิ่นไวลด์ลาเวนเดอร์_320มล.,Household & Pet
42.24711,33.251526,สมาร์ทผลิตภัณฑ์ปรับผ้านุ่มสูตรเข้มข้นกลิ่นซุปเปอร์ซอฟท์พลัสสีทอง_530มล.,Household & Pet
-12.764497,31.022608,ชาร์ลเดิร์นเช้นท์แอนด์แคร์เจลกลิ่นเมจิกพีช_180กรัม,Household & Pet
2.1839633,4.8200355,ท็อปส์อาหารแมวทูน่าเยลลี่_185กรัม,Household & Pet
5.4101315,33.34236,เชนไดร้ท์โฟมสูตรกำจัดปลวก_250กรัม,Household & Pet
35.88727,60.46824300000001,ซันไลต์พลัสแอนตี้แบคน้ำยาล้างจานกลิ่นเลมอนมิ้นท์_500มล.,Household & Pet
19.505713,63.8603,ดาวน์นี่น้ำยาปรับผ้านุ่มสูตรเข้มข้นกลิ่นแพชชั่น_2.3ลิตร_ชนิดเติม,Household & Pet
5.924219,62.84775,สมาร์ทเตอร์กะละมัง_5ลิตร,Household & Pet
34.69542,71.81343000000003,สก็อตต์เอ็กซ์ตร้าบิ๊กโรลกระดาษชำระ_24ม้วน,Household & Pet
9.733491,72.964554,เป็ดผลิตภัณฑ์ทำความสะอาดโถสุขภัณฑ์กลิ่นเฟรชกรีนเลมอน_38กรัม_แพค_4,Household & Pet
-1.4585,6.9257417000000006,เพดดิกรีอาหารสุนัขพันธุ์เล็กรสไก่ตับและผัก_2.7กก.,Household & Pet
33.941868,67.99797,แวนิชเพาเวอร์โอทูอินเทลลิเจ็นท์ผงขจัดคราบสำหรับเสื้อผ้า_800กรัม,Household & Pet
45.737064000000004,24.269598000000002,สมาร์ทเตอร์แผ่นฟิล์มถนอมอาหารพร้อมใบมีดตัดได้สองทิศทาง_30ม.X45ซม.,Household & Pet
0.9828449,7.731706,เพดดิกรีอาหารสุนัขโตรสตับและผัก_10กก.,Household & Pet
32.997833,68.76321999999999,มาจิคลีนผลิตภัณฑ์ทำความสะอาดห้องน้ำสีชมพู_400มล.รีฟิว,Household & Pet
-7.8362303,18.660467,สมาร์ทเตอร์อาหารแมวโตรสปลาทูน่าไก่และปลา_1.2กก.,Household & Pet
-44.677753,27.13164,สก๊อตต์คลีนแคร์กระดาษชำระแบบเปียก_38แผ่น,Household & Pet
40.596382,64.5685,ดาวน์นี่น้ำยาปรับผ้านุ่มเข้มข้นกลิ่นหอมสดชื่นยามเช้า_630มล.,Household & Pet
27.499166,66.00086,คอมฟอร์ทอัลตร้าผลิตภัณฑ์ปรับผ้านุ่มสีฟ้า_1600มล.,Household & Pet
-27.576965,7.2750688,วิซน้ำยาเช็ดกระจกฟ้า_520มล.,Household & Pet
-66.01087,31.416748,เน็กโกะอาหารแมวรสปลาทูน่าหน้าสาหร่ายและไข่ตุ๋นในเยลลี่_70กรัม,Household & Pet
69.607765,7.066594,โอวัลตินยูเอชทีหวานน้อย_180มล._แพค_4,Mom & Kids
-29.750275,66.44699,ละมุนน้ำยาล้างขวดนมเด็กออร์แกนิค_450มล._ชนิดเติม,Mom & Kids
-30.490879999999997,56.835262,เบบี้เลิฟพรีเมี่ยมโกลด์แพ้นส์กางเกงผ้าอ้อมเด็กขนาด_S_70ชิ้น,Mom & Kids
-34.65699,59.450935,คาร์เนชั่นวันพลัสนมผงรสจืด_900กรัม,Mom & Kids
-35.58462,52.342242999999996,แฮปปี้มันช์ชี่หมูฝอยสูตรผสมผัก_130กรัม,Mom & Kids
25.443998,31.615553000000002,เฟรชแผ่นเช็ดทำความสะอาดผิวเด็กสูตรเซนซิทีฟ_30แผ่น,Mom & Kids
-39.893209999999996,50.96717,พีชชี่อาหารเสริมเด็กสมูทตี้สตอร์เบอร์รีผสมกล้วย_100กรัม,Mom & Kids
-5.1869955,76.62465,ดีนี่ผลิตภัณฑ์ซักผ้าเด็กชนิดน้ำสูตรซักกลางคืนสีม่วง_600มล._ถุงเติม,Mom & Kids
-27.983484000000004,66.613754,เมอร์รี่ส์กางเกงผ้าอ้อมเด็ก_L_22ชิ้น,Mom & Kids
69.453636,9.451757,ไทยเดนมาร์คนมยูเอชทีรสจืด_200มล._แพค_6,Mom & Kids
-33.989166,58.46984499999999,เอส26โปรเกรสโกลด์นมผงรสจืด_3000กรัม,Mom & Kids
-35.79792,55.6926,ปิคนิคเบบี้อาหารเสริมเด็กสุตรข้าวต้มปลาแซลมอนทรงเครื่อง_120กรัม,Mom & Kids
33.98402,6.591386,โฟร์โมสต์นมยูเอชทีโอเมก้ารสจืด_180มล.แพค_4,Mom & Kids
-32.692806,51.50312,ดีนี่ออร์แกนิคแผ่นเช็ดทำความสะอาดสูตรอ่อนโยนจากธรรมชาติสำหรับทารก_80แผ่น,Mom & Kids
-24.018711,47.182407,ละมุนผลิตภัณฑ์ซักผ้าเด็กออร์แกนิค_750มล._ขวด,Mom & Kids
-33.17477,57.89256999999999,เอนฟาโกร3เอพลัสซุพีเรียร์_180มล._แพค_3,Mom & Kids
-14.091701,54.11074,เบบี้มายด์น้ำยาปรับผ้านุ่มเด็กกลิ่นไวโอเลตบลอสซั่ม_1500มล.,Mom & Kids
-3.5832112,78.73015,ดีนี่น้ำยาซักผ้าสำหรับเด็กสีฟ้า_600มล.,Mom & Kids
-36.75445,52.343185,กรีนเดย์ฟรุตฟาร์มสตรอเบอรี่อบกรอบ_36กรัม,Mom & Kids
64.95066,2.6512279999999997,โฟร์โมสต์นมยูเอชทีกลิ่นนมเย็นบิงซู_225มล._แพค_6,Mom & Kids
-25.185778,62.006073,เอ็นฟาแล็คเอพลัสดีเอชเออาร์เอนมผงเด็กแรกเกิด_1.65กก.,Mom & Kids
-5.5320597000000005,74.52288,ดีนี่ผลิตภัณฑ์ปรับผ้านุ่มเด็กนิวบอร์นแฮปปี้เนส_600มล.,Mom & Kids
-25.49819,64.82925,มามี่โพโคกางเกงผ้าอ้อมเด็กชายขนาด_XL_46ชิ้น,Mom & Kids
16.510426000000002,-14.237635000000001,เคลล็อกส์อาหารเช้าโกโก้ป๊อป_30กรัม,Mom & Kids
7.5508995,28.837387,เอนฟาโกรเอพลัสสูตร4นมยูเอชทีรสวานิลลา_180มล._แพค_12,Mom & Kids
-32.494213,46.131165,นิวทริเซียอินฟาทรินี่อาหารทารกสูตรครบถ้วนชนิดผง_400กรัม,Mom & Kids
-19.606312,19.602293,เนสท์เล่อาหารเช้าฮันนี่สตาร์_150กรัม,Mom & Kids
-28.090465999999996,66.678024,พีเจ้นท์แผ่นซับน้ำนมผิวหน้ารังผึ้ง_60ชิ้น,Mom & Kids
-20.53554,67.39054,ไฮคิว3พลัสยูเอชทีเนเชอรัลโพรเทกรสจืด_180มล._แพค_36,Mom & Kids
-33.864017,60.24666600000001,ไฮคิว1พลัสพรีไบโอโพรเทกรสจืด_3000กรัม,Mom & Kids
45.10758,70.4438,สิงห์โซดาเครื่องดื่ม_325มล._แพค_6,Beverages
-11.976560000000001,-54.780806999999996,ลีโอเบียร์แคน_320ซีซี_แพค_6,"Beer,Wine & Spirits"
-2.3280373,-20.381971,จอห์นนี่วอคเกอร์แบลคเลเบิ้ลวิสกี้_1ลิตร,"Beer,Wine & Spirits"
